"customer","phone","title"
"OLVERA, DWAYNE","62127829280","ACADEMY DINOSAUR"
"HUEY, BRANDON","99883471275","ACE GOLDFINGER"
"OWENS, CARMEN","272234298332","AFFAIR PREJUDICE"
"HANNON, SETH","864392582257","AFRICAN EGG"
"COLE, TRACY","371490777743","ALI FOREVER"
"DEAN, MARCIA","727785483194","ALONE TRIP"
"VINES, CECIL","879347453467","AMADEUS HOLY"
"TURNER, MARIE","177727722820","AMERICAN CIRCUS"
"GILLILAND, JOE","53912826864","AMISTAD MIDSUMMER"
"BAUGH, EDWARD","46568045367","ARMAGEDDON LOST"
"FRANKLIN, BETH","470884141195","BAKED CLEOPATRA"
"WILLIAMSON, GINA","584316724815","BANG KWAI"
"ELLINGTON, MELVIN","368284120423","BASIC EASY"
"GREGORY, SONIA","195003555232","BERETS AGENT"
"WOODS, FLORENCE","330838016880","BLADE POLISH"
"WREN, TYLER","211256301880","BLANKET BEVERLY"
"BAILEY, MILDRED","250767749542","BOOGIE AMELIE"
"HILL, ANNA","911872220378","BOULEVARD MOB"
"HAYES, ROBIN","942570536750","BOUND CHEAPER"
"BUTLER, LOIS","345679835036","BUBBLE GROSSE"
"ANDERSON, LISA","635297277345","BULL SHAWSHANK"
"STANFIELD, SERGIO","387448063440","CAMELOT VACATION"
"HARRIS, HELEN","990911107354","CANDIDATE PERDITION"
"HERNANDEZ, ANGELA","18461860151","CANYON STOCK"
"SHELTON, DIANNE","117592274996","CAT CONEHEADS"
"MARKHAM, WILLIE","296394569728","CENTER DINOSAUR"
"BAILEY, MILDRED","250767749542","CHAMBER ITALIAN"
"KNIGHT, GAIL","904253967161","CHASING FIGHT"
"COY, GARY","168884817145","CHITTY LOCK"
"BROTHERS, CHRIS","537374465982","CINCINATTI WHISPERER"
"GAVIN, BILL","924663855568","CLEOPATRA DEVIL"
"MYERS, PEGGY","196568435814","CLUB GRAFFITI"
"WOODS, FLORENCE","330838016880","CLUB GRAFFITI"
"DIAZ, EMILY","333339908719","CONNECTION MICROCOSMOS"
"ABNEY, RAFAEL","82671830126","CONVERSATION DOWNHILL"
"LOVELACE, BARRY","689681677428","CREATURES SHAKESPEARE"
"CROMWELL, IVAN","203804046132","CREATURES SHAKESPEARE"
"GILLETTE, DUSTIN","131912793873","CROOKED FROGMEN"
"WHEELER, LUCY","49677664184","CURTAIN VIDEOTAPE"
"STANLEY, ALLISON","594319417514","CYCLONE FAMILY"
"SPURLOCK, KYLE","736517327853","DANCES NONE"
"BANKS, JESSIE","352679173732","DANCES NONE"
"WEAVER, YOLANDA","352469351088","DAY UNFAITHFUL"
"MOORE, MARGARET","380657522649","DEEP CRUSADE"
"OLSON, ANNETTE","230250973122","DEER VIRGINIAN"
"MONTGOMERY, STACEY","408304391718","DETAILS PACKER"
"HAWKS, LEE","270456873752","DETECTIVE VISION"
"SWAFFORD, PERRY","914466027044","DEVIL DESIRE"
"HOWLAND, MILTON","441628280920","DISCIPLE MOTHER"
"LEWIS, SARAH","902731229323","DIVINE RESURRECTION"
"COX, JUDITH","333489324603","DOORS PRESIDENT"
"PATTERSON, WANDA","198123170793","DOORS PRESIDENT"
"ELLIS, GRACE","886636413768","DRAGONFLY STRANGERS"
"HOFFMAN, MATTIE","246810237916","DRIFTER COMMANDMENTS"
"DAY, COURTNEY","890289150158","DRIVER ANNIE"
"CLARK, MICHELLE","892775750063","DWARFS ALTER"
"CHEATHAM, MARIO","406784385440","EAGLES PANKY"
"HOPKINS, HILDA","322888976727","EARTH VISION"
"GREENE, JEANETTE","812824036424","EFFECT GLADIATOR"
"FULLER, CLAUDIA","630424482919","ENCINO ELF"
"BROWNLEE, GUY","978430786151","ENOUGH RAGING"
"NOE, ELMER","448876499197","FALCON VOLUME"
"GRISSOM, TERRY","142596392389","FAMILY SWEET"
"BETANCOURT, MIGUEL","72524459905","FAMILY SWEET"
"SCHOFIELD, LEONARD","779461480495","FIGHT JAWBREAKER"
"MAY, GWENDOLYN","303967439816","FLYING HOOK"
"SNYDER, MARION","391065549876","FORRESTER COMANCHEROS"
"GREGORY, SONIA","195003555232","FRIDA SLIPPER"
"JENKINS, LOUISE","800716535041","FRISCO FORREST"
"HITE, ZACHARY","191958435142","FROST HEAD"
"BROWN, ELIZABETH","10655648674","GABLES METROPOLIS"
"DUGGAN, FREDDIE","644021380889","GHOST GROUNDHOG"
"GAVIN, BILL","924663855568","GLEAMING JAWBREAKER"
"IRBY, CURTIS","615964523510","GORGEOUS BINGO"
"SHELLEY, SCOTT","165450987037","GRAIL FRANKENSTEIN"
"STANLEY, ALLISON","594319417514","GRAPES FURY"
"WHITE, BETTY","517338314235","GROUNDHOG UNCUT"
"JORDON, JERRY","647899404952","GUNFIGHT MOON"
"FORSYTHE, ENRIQUE","199514580428","GUNFIGHT MOON"
"JUNG, CHRISTIAN","122981120653","HALF OUTFIELD"
"LAWTON, LAWRENCE","845378657301","HALF OUTFIELD"
"BRADLEY, ANA","72136330362","HAPPINESS UNITED"
"CURRIER, NORMAN","598912394463","HARRY IDAHO"
"LAWRENCE, LAURIE","956188728558","HAUNTED ANTITRUST"
"SPENCER, CATHY","819416131190","HOLES BRANNIGAN"
"MILNER, TOM","985109775584","HUNCHBACK IMPOSSIBLE"
"MAULDIN, GREGORY","80303246192","HUNGER ROOF"
"KNIGHT, GAIL","904253967161","HYDE DOCTOR"
"COOK, GLORIA","347487831378","IGBY MAKER"
"LAWTON, LAWRENCE","845378657301","INSECTS STONE"
"HALE, RAMONA","429925609431","INSIDER ARIZONA"
"MILAM, JESSIE","383353187467","INSIDER ARIZONA"
"ARMSTRONG, MELANIE","650752094490","INTENTIONS EMPIRE"
"ROSS, MARILYN","701457319790","INTENTIONS EMPIRE"
"ROBB, JAY","834061016202","INTRIGUE WORST"
"MEEHAN, CORY","338244023543","JASON TRAP"
"MARK, JOSHUA","869507847714","JUGGLER HARDLY"
"ROUSH, TERRANCE","437829801725","KICK SAVANNAH"
"GAFFNEY, FELIX","107092893983","LADY STAGE"
"MORRIS, HEATHER","697760867968","LAWLESS VISION"
"NGUYEN, TAMARA","22326410776","LOATHING LEGALLY"
"HARKINS, BRENT","854259976812","LORD ARIZONA"
"FRANCISCO, JOEL","82619513349","LOVELY JINGLE"
"WADE, MARGIE","192459639410","LUST LOCK"
"SANDERS, TAMMY","251164340471","LUST LOCK"
"HUDSON, LAUREN","168476538960","MIDNIGHT WESTWARD"
"NOE, ELMER","448876499197","MINORITY KISS"
"STILL, IAN","239357986667","MOCKINGBIRD HOLLYWOOD"
"ELLIOTT, KATIE","940830176580","MONSTER SPARTACUS"
"BURTON, COLLEEN","669828224459","MOONWALKER FOOL"
"BOURQUE, DERRICK","856872225376","MOSQUITO ARMAGEDDON"
"ROBERTS, CHRISTINE","539758313890","MOTIONS DETAILS"
"ARCHULETA, JORDAN","817740355461","MOVIE SHAKESPEARE"
"BUTTERFIELD, ALLEN","129953030512","MULAN MOON"
"LAWSON, JEANNE","764477681869","MULHOLLAND BEAST"
"MORRELL, CRAIG","426255288071","MUMMY CREATURES"
"CUNNINGHAM, STACY","104150372603","NAME DETECTIVE"
"MASON, JUANITA","90921003005","NONE SPIKING"
"GOODEN, KENNETH","508800331065","OPERATION OPERATION"
"ORTIZ, SYLVIA","765345144779","OPPOSITE NECKLACE"
"BURNS, APRIL","581174211853","OUTFIELD MASSACRE"
"FARNSWORTH, JOHN","51917807050","OUTLAW HANKY"
"MORRIS, HEATHER","697760867968","PEACH INNOCENT"
"WADE, MARGIE","192459639410","PHILADELPHIA WIFE"
"ARCHULETA, JORDAN","817740355461","PIANIST OUTFIELD"
"OLSON, ANNETTE","230250973122","PIRATES ROXANNE"
"ROBERTS, CHRISTINE","539758313890","POLLOCK DELIVERANCE"
"BATES, DAISY","816436065431","PRIDE ALAMO"
"WALTERS, CASSANDRA","685010736240","PRINCESS GIANT"
"THRASHER, LARRY","834418779292","PULP BEVERLY"
"ASHCRAFT, DARRYL","717566026669","PURE RUNNER"
"COLBY, BERNARD","82088937724","QUEEN LUKE"
"BELL, JEAN","212869228936","RIDGEMONT SUBMARINE"
"PEREZ, CAROLYN","471675840679","RIVER OUTLAW"
"BUFORD, CLINTON","484500282381","SCARFACE BANG"
"ESTEP, TRAVIS","214976066017","SEABISCUIT PUNK"
"WHEELER, LUCY","49677664184","SEATTLE EXPECATIONS"
"HANSON, VIOLA","569868543137","SHAWSHANK BUBBLE"
"CLARY, ADRIAN","182059202712","SHOCK CABIN"
"MITCHELL, STEPHANIE","42384721397","SHOCK CABIN"
"BROOKS, BEVERLY","427454485876","SHREK LICENSE"
"SLEDGE, GILBERT","959467760895","SILVERADO GOLDFINGER"
"GONZALES, NORMA","835433605312","SLEEPING SUSPECTS"
"MILLS, ALICIA","761379480249","SLEEPLESS MONSOON"
"SANDERS, TAMMY","251164340471","SLEEPY JAPANESE"
"HARRIS, HELEN","990911107354","SMOKING BARBARELLA"
"MCWHORTER, RAYMOND","834626715837","SMOOCHY CONTROL"
"BESS, CHARLIE","962020153680","SONG HEDWIG"
"SPENCER, CATHY","819416131190","SONS INTERVIEW"
"HARRISON, WENDY","867546627903","SONS INTERVIEW"
"FOX, HOLLY","760171523969","SOUTH WAIT"
"JOHNSTON, KRISTIN","785881412500","STAR OPERATION"
"BETANCOURT, MIGUEL","72524459905","STATE WASTELAND"
"LARUE, DARYL","954786054144","STREAK RIDGEMONT"
"SOUTH, ROLAND","25865528181","SUIT WALLS"
"RODRIGUEZ, LAURA","161968374323","SUIT WALLS"
"GRAY, JUDY","107137400143","SUMMER SCARFACE"
"CORNISH, ALLAN","50898428626","SUNDANCE INVASION"
"YOUNG, CYNTHIA","678220867005","SUSPECTS QUILLS"
"BREWER, VICKIE","567359279425","SWARM GOLD"
"MEYER, NATALIE","873492228462","SWEDEN SHINING"
"WHEAT, FRED","561729882725","SWEETHEARTS SUSPECTS"
"WALTERS, CASSANDRA","685010736240","THEORY MERMAID"
"MCCARTER, MORRIS","278669994384","TITANIC BOONDOCK"
"NGO, JUSTIN","764680915323","TITANIC BOONDOCK"
"HOWELL, WILLIE","991802825778","TITANS JERK"
"PEREZ, CAROLYN","471675840679","TORQUE BOUND"
"SANCHEZ, JULIE","680428310138","TRADING PINOCCHIO"
"NGO, JUSTIN","764680915323","TROJAN TOMORROW"
"SANDERS, TAMMY","251164340471","TROUBLE DATE"
"VANHORN, ANDY","995527378381","TUXEDO MILE"
"MCCARTER, MORRIS","278669994384","VANISHED GARDEN"
"HENNING, ALBERTO","618156722572","VANISHING ROCKY"
"CROUSE, ALBERT","256546485220","VARSITY TRIP"
"MILES, BECKY","648482415405","VIRGINIAN PLUTO"
"CASTRO, JENNY","62781725285","VOLCANO TEXAS"
"ROBINS, GREG","206060652238","WANDA CHAMBER"
"BERRY, REGINA","201705577290","WEDDING APOLLO"
"JENNINGS, NAOMI","959949395183","WILD APOLLO"
"HURTADO, JEREMY","600264533987","WINDOW SIDE"
"MEYER, NATALIE","873492228462","WOMEN DORADO"
"RENNER, NEIL","478380208348","WORLD LEATHERNECKS"
"LEONE, LOUIS","45554316010","ZHIVAGO CORE"
